MIC|Operating MIC|MIC EXCHANGE NAME|CORP EXCHANGE|EQUITY EXCH CODE|EQUITY EXCH NAME|Composite Code|ISO COUNTRY
A2XX|A2XX|A2X|A2X Markets|AJ|A2X STOCK EX|SJ|ZA
ADRK|XATS|ALPHA DARK|NONE|HD|ALPHA DARK|CN|CA
APXL|APXL|SYDNEY STOCK EXCHANGE LIMITED|NONE|PF|SYDNEY STOCK|AU|AU
AIXK|AIXK|ASTANA INTERNATIONAL EXCHANGE LTD|NONE|KX|AIX|KZ|KZ
ARCX|XNYS|NYSE ARCA|NYSE ARCA|UP|NYSE ARCA|US|US
ARTX|ARTX|ARTEX MTF|NONE|AW|ARTEX MTF|FA|LI
ASXP|XASX|ASX - PUREMATCH|NONE|AQ|ASX PUREMATCH|AU|AU
AQEU|AQEU|AQUIS EXCHANGE EUROPE|NONE|QE|AQUIS - EU|QE|FR
AQXE|AQXE|AQUIS EXCHNAGE PLC|NONE|QX|AQUIS EXCHG|QX|GB
BATE|BCXE|CBOE EUROPE -BXE ORDER BOOKS|NONE|EB|CBOE BXE|EB|GB
BATS|XCBO|CBOE BZX U.S. EQUITIES EXCHANGE|BATS|UF|CBOE BZX|US|US
BATY|XCBO|CBOE BYX U.S. EQUITIES EXCHANGE|NONE|VY|CBOE BYX|US|US
BCSE|BCSE|BELARUS CURRENCY AND STOCK EXCHANGE|BELARUS|RB|BELARUS|RB|BY
BIVA|BIVA|BOLSA INSTITUCIONAL DE VALORES|BIVA|MU|BIVA|MM|MX
BJSE|BJSE|BEIJING STOCK EXCHANGE|NONE|JC|BEIJING SE|CH|CN
BOAT|BOAT|CINNOBER BOAT|NONE|XB|BOAT|EO|GB
BLOX|XIEL|BLOCKMATCH UK DARK|NONE|B3|BLOCKMATCH|B3|GB
BMTF|BMTF|BLOOMBERG TRADING FACILITY LIMITED|NONE|B2|BMFT|B2|GB
BMTS|BMTS|MTS BELGIUM|MTS BELGIUM|NONE|No Exchange |No Composite Code|BE
BOTC|BCXE|OFF EXCHANGE IDENTIFIER FOR OTC TRADES REPORTED TO BATS EUROPE|NONE|XV|CBOE BXTR APA|EO|GB
BSEX|BSEX|BAKU STOCK EXCHANGE|BAKU|AZ|BAKU SE|AZ|AZ
BTFE|BTFE|BLOOMBERG TRADING FACILITY B.V.|NONE|B4|BMTF EU|B4|NL
BVMF|BVMF|B3 S.A. - BRASIL BOLSA BALCAO|SISBEX|NONE|No Exchange |No Composite Code|BR
|||SAO PAULO|BN|B3 NIGHT|BZ|BR
|||NONE|BS|B3 DAY|BZ|BR
|||NONE|BV|BOVESPA OUT|BZ|BR
|||RIO DE JANEIRO|BR|RIO DE JANER|BZ|BR
|||SOMA|BO|B3 SOMA|BZ|BR
CAPA|CCXE|CBOE EUROPE - APA (NL)|NONE|X2|CBOE APA EU|EO|NL
CBSX|XCBO|CBOE STOCK EXCHANGE|NONE|UO|CBSX|US|US
CHIA|CHIA|CBOE AUSTRALIA|Chi-X Australia|AH|CHIX AUSTRALIA|AU|AU
CHIJ|CHIJ|CBOE JAPAN LIMITED|NONE|JI|CHI-X JAPAN|JP|JP
CHIX|BCXE|CBOE EUROPE - CXE ORDER BOOKS|CHI-X|IX|CBOE CXE|IX|GB
|||NONE|XC|CHI-X OTC|EO|GB
CHIC|CHIC|CHI-X CANADA ATS|NONE|TX|NSDQ CX T-N|CN|CA
|||NONE|DV|CHIX VENTURE|CN|CA
|||NONE|DL|NSDQ CX CSE|CN|CA
CEUX|CCXE|CBOE EUROPE - DXE ORDER BOOKS (NL)|NONE|I2|CBOE DXE|I2|NL
CSE2|XCNQ|CANADIAN SECURITIES EXCHANGE - CSE2|NONE|BF|CSE2|CN|CA
DKTC|DKTC|DANISH AUTHORISED MARKET PLACE LTD|NONE|DD|DANSK OTC|DC|DK
DCSX|DCSX|CURACAO|NONE|NONE|No Exchange |No Composite Code|CW
DIFX|DIFX|NASDAQ DUBAI|NASDAQ DUBAI|DU|NASDAQ DUBAI|DU|AE
DSMD|DSMD|QATAR EXCHANGE|QATAR|QD|QATAR|QD|QA
ECEU|ECEU|TRADECHO EU APA|NONE|X1|TRADEECHO APA|EO|NL
EDGA|XCBO|CBOE EDGA U.S. EQUITIES EXCHANGE|NONE|VJ|EDGA|US|US
EDGX|XCBO|CBOE EDGX U.S. EQUITIES EXCHANGE|NONE|VK|EDGX|US|US
EMTF|XLUX|EURO MTF|EUROMTF|NONE|No Exchange |No Composite Code|LU
EBMX|MTSO|EBM - MTF|EUROMTS|NONE|No Exchange |No Composite Code|IT
ENAX|ASEX|ATHENS EXCHANGE ALTERNATIVE MARKET|NONE|AA|ATHENS ALT|GA|GR
EPRL|MIHI|MIAX PEARL EQUITIES|NONE|VP|MIAX PEARL|US|US
ETLX|ETLX|EUROTLX|EUROTLX|TE|EUROTLX|TE|IT
EUWX|XSTU|EUWAX|EUWAX STUTTGART|GW|STUTGT WRNTS|GR|DE
XBRN|XBRN|BX SWISS AG|BX - SWISS|BW|BX WORLDCAPS|SW|CH
FRAB|XFRA|BOERSE FRANKFURT - FREIVERKEHR|SCOACH-FRANKFURT|NONE|No Exchange |No Composite Code|DE
FMTS|FMTS|MTS FRANCE SAS|MTS FRANCE|NONE|No Exchange |No Composite Code|FR
FNFI|XHEL|FIRST NORTH FINLAND|NOMX 1STNORT|FF|FN FINLAND|FH|FI
FNSE|XSTO|FIRST NORTH SWEDEN|NOMX 1stNorth S|SF|FN STOCKHOLM|SS|SE
GEMX|GEMX|GEMMA (GILT EDGED MARKET MAKERS’ASSOCIATION)|GEMMA|NONE|No Exchange |No Composite Code|GB
GSXL|GSXL|THE GIBRALTAR STOCK EXCHANGE|GIBRALTAR|TL|GIBRALTAR|TL|GI
HMTF|HMTF|VORVEL|VORVEL|HM|VORVEL|HM|IT
HOTC|ASEX|HELLENIC EXCHANGE OTC MARKET|NONE|XT|ATHENS OTC|EO|GR
HSTC|HSTC|HANOI STOCK EXCHANGE|HANOI |VH|HANOI|VN|VN
ICEL|ICEL|ISLAND ECN LTD, THE |ISLAND ECN LTD|UI|ISLAND|US|US
IEPA|IFUS|INTERCONTINENTAL EXCHANGE|INTERCONTINENTAL|NONE|No Exchange |No Composite Code|US
IEXG|IEXG|INVESTORS EXCHANGE|NONE|VF|INVESTOR  EX|US|US
IINX|IINX|INDIA INTERNATIONAL EXCHANGE (IFSC) LIMITED|INDIA INX|NONE|No Exchange |No Composite Code|IN
INSE|XNSE|NSE IFSC LIMITED|NSE IFSC|NONE|No Exchange |No Composite Code|IN
FNIS|XICE|NASDAQ ICELAND HF.|NONE|RF|FN ICELAND|IR|IS
LNEQ|TPIC|TP ICAP EU - MTF - LIQUIDNET EU EQUITY|NONE|L1|LIQUIDNET IR|L1|FR
LICA|LICA|LIQUIDNET CANADA ATS|NONE|TK|LIQUIDNET|CN|CA
LIQU|LIQU|LIQUIDNET SYSTEMS|NONE|L3|LIQUIDNET|L3|GB
LSSI|LSSI|LANG AND SCHWARZ TRADE CENTER - SYSTEMATIC INTERNALISER|NONE|LU|LSX LSSI|GR|DE
LTSE|LTSE|LONG-TERM STOCK EXCHANGE, INC.|NONE|VL|LONG TERM SE|US|US
LYNX|OMGA|LYNX ATS|NONE|DG|LYNX ATS|CN|CA
MALX|MALX|MALDIVES STOCK EXCHANGE|NONE|MX|MALDIVES S E|MX|MV
MARF|BMEX|MERCADO ALTERNATIVO DE RENTA FIJA|MARF|NONE|No Exchange |No Composite Code|ES
MATN|MATN|MATCH NOW|NONE|TR|TRIACT TRNTO|CN|CA
|||NONE|TV|TRIACT VNTRE|CN|CA
|||NONE|TO|TRIACT CSE|CN|CA
MCAD|MTSO|MTS CASH DOMESTIC - MTF|MTS GREECE|NONE|No Exchange |No Composite Code|IT
|||MTS IRELAND|NONE|No Exchange |No Composite Code|IT
|||MTS AMSTERDAM|NONE|No Exchange |No Composite Code|IT
|||MTS PORTUGAL|NONE|No Exchange |No Composite Code|IT
|||MTS Austria|NONE|No Exchange |No Composite Code|IT
|||MTS Czech Repub|NONE|No Exchange |No Composite Code|IT
|||MTS Germany|NONE|No Exchange |No Composite Code|IT
|||MTS Hungary|NONE|No Exchange |No Composite Code|IT
|||MTS Israel|NONE|No Exchange |No Composite Code|IT
|||MTS Slovenia|NONE|No Exchange |No Composite Code|IT
|||MTS Slovakia|NONE|No Exchange |No Composite Code|IT
|||MTS Spain|NONE|No Exchange |No Composite Code|IT
|||MTS Cyprus|NONE|No Exchange |No Composite Code|IT
MCXX|MCXX|METROPOLITAN STOCK EXCHANGE OF INDIA LIMITED|NONE|IG|MCX STOCK EX|IN|IN
MEMX|MEMX|MEMX LLC EQUITIES|NONE|VG|MEMBERS EXCH|US|US
MESQ|XKLS|ACE MARKET|NONE|MQ|MESDAQ|MQ|MY
MISX|MISX|MOSCOW EXCHANGE - ALL MARKETS|MICEX|RX|MICEX MAIN|RM|RU
|||NONE|RN|MICEX NMD|RM|RU
|||NONE|RP|MICEX REPO|RM|RU
|||MICEX A1|NONE|No Exchange |No Composite Code|RU
|||MICEX A2|NONE|No Exchange |No Composite Code|RU
|||MICEX B|NONE|No Exchange |No Composite Code|RU
|||MICEX V|NONE|No Exchange |No Composite Code|RU
|||MICEX Unlisted|NONE|No Exchange |No Composite Code|RU
|||MOEX LEVEL 1|NONE|No Exchange |No Composite Code|RU
|||MOEX LEVEL 2|NONE|No Exchange |No Composite Code|RU
|||MOEX LEVEL 3|NONE|No Exchange |No Composite Code|RU
|||MICEX D|NONE|No Exchange |No Composite Code|RU
MOTX|XMIL|ELECTRONIC BOND MARKET|MOT|NONE|No Exchange |No Composite Code|IT
MSAX|MSAX|MORGAN STANLEY MTF - PERIODIC AUCTION|NONE|M0|MS MTF|M0|FR
MTAA|XMIL|EURONEXT MILAN|MILAN|IM|BRSAITALIANA|IM|IT
|||NONE|IC|MIL COMP DAY|IM|IT
|||EURONEXT - MILAN|NONE|No Exchange |No Composite Code|IT
|||NONE|XI|BORSAITALOTC|EO|IT
MTAH|XMIL|BORSA ITALIANA EQUITY MTF|NONE|IF|MIL AFTR HRS|IM|IT
MTCH|XPAR|BONDMATCH|NYSE BONDMATCH|NONE|No Exchange |No Composite Code|FR
MTSC|MTSO|MTS ITALIA|MTS S.p.A.|NONE|No Exchange |No Composite Code|IT
MTSD|BEAM|MTS DENMARK|MTS DENMARK|NONE|No Exchange |No Composite Code|BE
MTSF|BEAM|MTS FINLAND|MTS Finland|NONE|No Exchange |No Composite Code|BE
WMTF|XWAR|MTS POLAND|NONE|PD|POLAND OTC|PW|PL
PLUS|PLUS|BOERSE MUENCHEN - FREIVERKEHR|NONE|PG|PLUS EUROPE|PG|DE
MUND|XMUN|BOERSE MUENCHEN – GETTEX – FREIVERKEHR|GETTEX|GZ|GETTEX|GZ|DE
NASX|NASX|NASD OTC MARKET|NONE|NJ|NIGERIA NOTC|NL|NG
NEOE|NEOE|AEQUITAS NEO EXCHANGE|AEQUITAS NEO LIT|QF|NEO-L LIT|CN|CA
|||NONE|QH|NEO-N NEO|CN|CA
|||NONE|QG|NEO-D DARK|CN|CA
NILX|NILX|NILE STOCK EXCHANGE|NONE|EI|NILEX|EY|EG
NOTC|NOTC|NORWEGIAN OVER THE COUNTER MARKET|NONE|NS|NORWAY OTC|NO  |NO
ODXE|ODXE|ODX - OSAKA DIGITAL EXCHANGE|NONE|JV|ODX|JP|JP
OMGA|OMGA|OMEGA ATS|OMEGA CANADA ATS|TG|OMEGA|CN|CA
OOTC|FINR|OTC BULLETIN BOARD - OTHER OTC|OTC |UV|OTC US|US|US
PDEX|PDEX|PHILIPPINE DEALING AND EXCHANGE CORP|PDEx|NONE|No Exchange |No Composite Code|PH
PFTS|PFTS|PFTS STOCK EXCHANGE|PFTS|UZ|PFTS|UZ|UA
|||NONE|OU|PFTSORDERDRV|UZ|UA
PFTQ|PFTS|PFTS QUOTE DRIVEN|NONE|QU|PFTSQUOTEDRV|UZ|UA
OTCM|OTCM|OTC LINK ATS - OTC MARKETS|PINK SHEETS|PQ|OTC MARKETS|US|US
OTXB|OTXB|BERNER KANTONALBANK OTC-X|NONE|XK|OTC-X BEKB|SW|CH
PURE|XCNQ|CANADIAN SECURITIES EXCHANGE - PURE|PURE TRADING|CJ|PURE TRADING|CN|CA
ROCO|ROCO|TAIPEI EXCHANGE|Taipei|TT|TAIPEI|TT|TW
ROTC|ROTC|RWANDA OTC MARKET|RWANDA|RW|RWANDA|RW|RW
RTSX|MISX|MOSCOW EXCHANGE - DERIVATIVES MARKET|RUSSIAN TRADING|RR|MOEX|RU|RU
RUSX|RUSX|NON-PROFIT PARTNERSHIP FOR THE DEVELOPMENT OF FINANCIAL MARKET RTS|NONE|RT|NP RTS|RU|RU
SBIJ|SBIJ|JAPANNEXT-J-MARKET|NONE|JE|JAPANNEXT|JP|JP
SBIU|SBIJ|JAPANNEXT - U  - MARKET|NONE|JW|JAPANNEXTUMK|JP|JP
SEDX|XMIL|SECURITISED DERIVATIVES MARKET|SEDEX-MILAN|NONE|No Exchange |No Composite Code|IT
SEND|BMEX|SEND - SISTEMA ELECTRONICO DE NEGOCIACION DE DEUDA|SEND|NONE|No Exchange |No Composite Code|ES
SHSC|XHKG|STOCK EXCHANGE OF HONG KONG LIMITED - SHANGHAI - HONG KONG STOCK CONNECT|NONE|H1|Sth SSE-SEHK|H1|HK
SGMU|SGMU|SIGMA X EUROPE NON-DISPLAYED BOOK|NONE|S4|SIGMA-X EU|S4|FR
SGMX|SGMX|SIGMA X MTF|NONE|S1|SIGMA X MTF|S1|GB
SHAR|SHAR|ASSET MATCH|NONE|A0|ASSETMATCH MTF|A0|GB
SIMV|SIMV|SIM VENTURE SECURITIES EXCHANGE|NONE|SI|SIM VSE|AU|AU
SPBE|SPBE|SPB EXCHANGE - ALL MARKETS|NONE|RG|SPB Exchange|RU|RU
SPIM|SPIM|ST. PETERSBURG INTERNATIONAL MERCANTILE EXCHANGE|ST. PETERSBURG|NONE|No Exchange |No Composite Code|RU
SZSC|XHKG|STOCK EXCHANGE OF HONG KONG LIMITED - SHENZHEN - HONG KONG STOCK CONNECT|NONE|H2|Sth  SZ-SEHK|H2|HK
XNIM|XNAS|NASDAQ INTERMARKET|THIRD MKT CORP|UT|NASDAQ IM|US|US
TBSP|XWAR|TBS POLAND|TBS POLAND|NONE|No Exchange |No Composite Code|PL
TREA|TREU|TRADEWEB EUROPE LIMITED - APA|NONE|XZ|TRADEWEB APA|EO|GB
TREU|TREU|TRADEWEB EUROPE LIMITED |TRADEWEB EUROPE|T2|TRADEWEB MTF|T2|GB
TRPX|TRPX|MERJ EXCHANGE LIMITED|MERJ|SZ|SEYCHELLES|SZ|SC
TRQX|TRQX|TURQUOISE|NONE|TQ|TURQUOISE  |TQ|GB
TRWB|TRWB|TRADEWEB LLC|TRADEWEB LLC|NONE|No Exchange |No Composite Code|US
TQEX|TQEX|TURQUOISE EUROPE|NONE|T1|Turquoise Eu|T1|NL
TWEA|TWEU|TRADEWEB EU BV - APA|NONE|X9|TW APA EU|X9|NL
TWEM|TWEU|TRADEWEB EU BV - MTF|NONE|WT|TW MTF EU|WT|NL
UKGD|XMTS|MTS UK|MTS UK|NONE|No Exchange |No Composite Code|GB
XATS|XATS|ALPHA EXCHANGE|NONE|TN|ALPHAVENTURE|CN|CA
|||NONE|TA|ALPHATORONTO|CN|CA
XADE|ASEX|ATHENS EXCHANGE S.A. DERIVATIVES MARKET|NONE|AP|ATHENS REPO|GA|GR
XADF|FINR|FINRA ALTERNATIVE DISPLAY FACILITY|NONE|UD|FINRA ADF|US|US
XADS|XADS|ABU DHABI SECURITIES MARKET|ABU DHABI|DH|ABU DHABI|UH|AE
XAPA|XPAR|EURONEXT - APA|NONE|XE|EUORONEXT APA|EO|FR
XATX|XATS|ALPHA-X|NONE|HX|ALPHA-X|CN|CA
EXGM|EXGM|EURONEXT GROWTH MILAN|AIM ITALIA|NONE|No Exchange |No Composite Code|IT
XALG|XALG|ALGIERS STOCK EXCHANGE|ALGIERS|AG|ALGERIASTEXC|AG|DZ
XAMM|XAMM|AMMAN STOCK EXCHANGE|AMMAN FIN MKT|JR|AMMAN|JR|JO
XAMS|XAMS|NYSE EURONEXT - EURONEXT AMSTERDAM|EURONEXT-AMSTER|NA|EN AMSTERDAM|NA|NL
|||AMSTERDAM|NONE|No Exchange |No Composite Code|NL
XARM|XARM|ARMENIA SECURITIES EXCHANGE|ARMENIA|AY|NASDAQ OMX ARMENIA|AY|AM
XASE|XNYS|NYSE MKT LLC|NYSE AMERICAN|UA|NYSEAMERICAN|US|US
XASX|XASX|ASX - ALL MARKETS|AUSTRALIA|AT|ASE|AU|AU
|||MELBOURNE|NONE|No Exchange |No Composite Code|AU
XATH|ASEX|ATHENS EXCHANGE S.A. CASH MARKET|ATHENS|GA|ATHENS|GA|GR
XBAA|XBAA|BAHAMAS INTERNATIONAL SECURITIES EXCHANGE|BAHAMAS|BM|BAHAMAS|BM|BS
XBAB|XBAB|BARBADOS STOCK EXCHANGE|BARBADOS|BA|BRIDGETOWN|BA|BB
XBAH|XBAH|BAHRAIN BOURSE|BAHRAIN|BI|BAHRAIN BRSE|BI|BH
XBAN|XBAN|BANGALORE STOCK EXCHANGE LTD|BANGALORE|NONE|No Exchange |No Composite Code|IN
XBAR|BMEX|BOLSA DE BARCELONA|BARCELONA|NONE|No Exchange |No Composite Code|ES
XBCL|XBCL|LA BOLSA ELECTRONICA DE CHILE|ELECTRONIC CHILE|CE|SAINT ELEC.|CI| CL
XBCM|XBCM|BOLSA DE COMERCIO DE MENDOZA S.A.|MENDOZA|NONE|No Exchange |No Composite Code| AR
XBCX|XBCM|MENDOZA SE|NONE|AM|MENDOZA SE|AR|AR
XBCV|XBCV|BOLSA CENTROAMERICANA DE VALORES S.A.|BOLSA CENTROAMER|HO|HONDURAS|HO| HN
XBDA|XBDA|BERMUDA STOCK EXCHANGE LTD|BERMUDA|BH|BERMUDA SE|BH| BM
XBDV|XBDV|BOLSA DE DIVIDA E VALORES DE ANGOLA (BODIVA) - ANGOLA SECURITIES EXCHANGE|Bodiva|AX|ANGOLAN ST EXC|AX|AO
XBEL|XBEL|BELGRADE STOCK EXCHANGE|BELGRADE|SG|BELGRADE SE|SG|RS
XBER|XBER|BOERSE BERLIN|BERLIN|GB|BERLIN|GR| DE
XBES|XJSE|JSE CASH BOND MARKET|JSE CONTRIB PRX|NONE|No Exchange |No Composite Code| ZA
XBEY|XBEY|BOURSE DE BEYROUTH - BEIRUT STOCK EXCHANGE|BEIRUT|LB|BEIRUT|LB| LB
XBIL|BMEX|BOLSA DE VALORES DE BILBAO|BILBAO|NONE|No Exchange |No Composite Code| ES
XBKK|XBKK|STOCK EXCHANGE OF THAILAND|THAILAND|TB|BANGKOK|TB| TH
XBLB|XBLB|BANJA LUKA STOCK EXCHANGE|BANJA LUKA|BK|BANJA LUKA|BK|BA
XBNV|XBNV|BOLSA NACIONAL DE VALORES, S.A.|BOLSA NACL VALORE|CR|COSTA RICA|CR| CR
XBOG|XBOG|BOLSA DE VALORES DE COLOMBIA|COLOMBIA|CX|BOLSA COLOMB|CB| CO
XBOL|XBOL|BOLSA BOLIVIANA DE VALORES S.A.|LA PAZ|VB|BOLIVIA|VB| BO
XBOM|XBOM|BSE LTD|MUMBAI|IB|BSE INDIA|IN| IN
XBOS|XNAS|NASDAQ OMX BX|NONE|UB|NSDQ BX|US| US
XBOT|XBOT|BOTSWANA STOCK EXCHANGE|BOTSWANA|BG|GABORONE|BG| BW
XBRA|XBRA|BRATISLAVA STOCK EXCHANGE|BRATISLAVA|SK|BRATISLAVA|SK| SK
XBRU|XBRU|NYSE EURONEXT - EURONEXT BRUSSELS|EURONEXT-BRUSS|BB|EN BRUSSELS|BB| BE
|||BRUSSELS|NONE|No Exchange |No Composite Code|BE
XBRV|XBRV|BOURSE REGIONALE DES VALEURS MOBILIERES|ABIDJAN|IA|ABIDJAN|IA| CI
|||NONE|BC|BRVM REGION|BC|CI
|||NONE|ZS|SENEGAL|ZS|CI
XBSE|XBSE|SPOT REGULATED MARKET - BVB|BUCHAREST|RE|BUCHAREST|RO| RO
XBTR|XSWX|SIX SWISS BILATERAL TRADING PLATFORM FOR STRUCTURED OTC PRODUCTS|XBTR|NONE|No Exchange |No Composite Code|CH
XBUD|XBUD|BUDAPEST STOCK EXCHANGE|BUDAPEST|HB|BUDAPEST|HB| HU
|||NONE|XH|BUDAPEST OTC|EO|HU
XBUE|XBUE|BOLSA DE COMERCIO DE BUENOS AIRES|BUENOS AIRES|AF|BYMA FLOOR|AR| AR
|||NONE|AC|BUENOS CONT|AR|AR
XBUL|XBUL|BULGARIAN STOCK EXCHANGE|BULGARIA|BU|BULGARIA SE|BU| BG
XBVC|XBVC|CAPE VERDE STOCK EXCHANGE|NONE|VR|CAPE VERDE EX|VR|CV
XBVR|XBVR|BOLSA DE VALORES DE LA REPUBLICA DOMINICANA SA.|SANTO DOMINGO|NONE|No Exchange |No Composite Code| DO
XCAI|XCAI|EGYPTIAN EXCHANGE|EGX|EC|EGX|EY| EG
XCAL|XCAL|CALCUTTA STOCK EXCHANGE|CALCUTTA|NONE|No Exchange |No Composite Code| IN
BVCA|BVCA|BOLSA DE VALORES DE CARACAS|CARACAS|VS|CARACAS|VC| VE
XCAS|XCAS|CASABLANCA STOCK EXCHANGE|CASABLANCA|MC|CASABLANCA|MC| MA
XCAY|XCAY|CAYMAN ISLANDS STOCK EXCHANGE|CAYMAN ISLANDS|KY|CSX|KY|KY
XCBO|XCBO|CBOE GLOBAL MARKETS INC.|CBOE|NONE|No Exchange |No Composite Code|US
XCFE|XCFE|CHINA FOREIGN EXCHANGE TRADE SYSTEM |CHINA INTERBANK|NONE|No Exchange |No Composite Code|CN
XCHG|XCHG|CHITTAGONG STOCK EXCHANGE LTD|CHITTAGONG|C3|CSE|BD|BD
XCHI|XCHI|NYSE CHICAGO INC|CHICAGO|UM|NYSE CHICAGO|US|US
XCIE|XCIE|THE INTERNATIONAL STOCK EXCHANGE|CHANNEL ISLANDS|GU|GUERNSEY|GU|GG
|||NONE|JY|JERSEY|JY|GG
|||TISE|NONE|No Exchange |No Composite Code|GG
XCIS|XCIS|NYSE NATIONAL INC|CINCINNATI|UC|NYSE NATIONAL|US|US
XCNQ|XCNQ|CANADIAN SECURITIES EXCHANGE|CNSX|CF|CANADIAN SEC|CN|CA
XCOL|XCOL|COLOMBO STOCK EXCHANGE|COLOMBO|SL|COLOMBO|SL|LK
XCSE|XCSE|NASDAQ COPENHAGEN A/S|NOMX COPENHAGEN|DC|COPENHAGEN|DC|DK
XCUE|XCUE|UZBEKISTAN REPUBLICAN CURRENCY EXCHANGE|REPUBL CURR EXCH|NONE|No Exchange |No Composite Code|UZ
XCYS|XCYS|CYPRUS STOCK EXCHANGE|CYPRUS|CY|NICOSIA|CY|CY
XCSX|XCSX|CAMBODIA SECURITIES EXCHANGE|NONE|KH|CAMBODIA|KH|KH
XCX2|CHIC|CX2|NONE|DS|CX2 CAD VNTR|CN|CA
|||NONE|DT|NSDQ CX2 T-N|CN|CA
|||NONE|DM|NSDQ CX2 CSE|CN|CA
XCXD|XCXD|NASDAQ CXD|NONE|DK|NASDAQ CXD V|CN|CA
|||NONE|DJ|NASDAQ CXD T-N|CN|CA
|||NONE|DN|NSDQ CXD CSE|CN|CA
XDAR|XDAR|DAR ES  SALAAM STOCK EXCHANGE|DAR-ES-SALAAM|TZ|DAR E SLM SE|TZ|TZ
XDES|XDES|DELHI STOCK EXCHANGE|DELHI|IH|DELHI STK EX|IN|IN
XDFM|XDFM|DUBAI FINANCIAL MARKET|DUBAI FINL MKT|DB|DFM|UH|AE
XDHA|XDHA|DHAKA STOCK EXCHANGE LTD|DHAKA|BD|DHAKA|BD|BD
XDMI|XMIL|ITALIAN DERIVATIVES MARKET|IDEM|NONE|No Exchange |No Composite Code|IT
XDPA|XDPA|CADE - MERCADO DE DEUDA PUBLICA ANOTADA|CENTRAL ANOTACIONE|NONE|No Exchange |No Composite Code|ES
XDRF|BMEX|AIAF - MERCADO DE RENTA FIJA|AIAF|NONE|No Exchange |No Composite Code|ES
XDSE|XDSE|DAMASCUS SECURITIES EXCHANGE|NONE|SY|DAMASCUS SE|SY|SY
XDSX|XDSX|DOUALA STOCK EXCHANGE|DOUALA|DE|DOULASTKEXCH|DE|CM
XDUB|XDUB|IRISH STOCK EXCHANGE - MAIN MARKET|EURONEXT-DUBLIN|ID|EN DUBLIN|ID| IE
|||NONE|XF|DUBLIN SE OTC|EO|IE
XDUS|XDUS|BOERSE DUESSELDORF|DUSSELDORF|GD|DUSSELDORF|GR| DE
XECM|XCYS|MTF - CYPRUS EXCHANGE|NONE|YC|CYPRUS ECM|CY|CY
XECS|XECS|EASTERN CARIBBEAN SECURITIES EXCHANGE|EAST CARIBBEAN|EK|ESTN CRBN SE|EK|KN
|||NONE|AI|ANGUILLA|AI|KN
|||NONE|NX|ST KTS & NVS|NX|KN
XEQT|XBER|BOERSE BERLIN EQUIDUCT TRADING|NONE|BQ|EQUIDUCT|BQ|DE
XETR|XETR|XETRA|XETRA|GY|XETRA|GR| DE
|||NONE|GQ|XETRA STARS|GR|DE
|||NONE|GE|XTRA EU STARS|GR|DE
|||NONE|GT|XETRA ETF|GR|DE
XFKA|XFKA|FUKUOKA STOCK EXCHANGE|FUKUOKA|JF|FUKUOKA|JP|JP
FNDK|XCSE|FIRST NORTH DENMARK|NOMX 1stNorth C|DF|FN DENMARK|DC|DK
XFRA|XFRA|DEUTSCHE BOERSE AG|FRANKFURT|GF|FRANKFURT|GR|DE
XGAT|TGAT|TRADEGATE|TRADEGATE|TH|TRADEGATE|TH|DE
XGHA|XGHA|GHANA STOCK EXCHANGE|GHANA|GN|ACCRA|GN|GH
XGSE|XGSE|GEORGIA STOCK EXCHANGE|GEORGIA|GG|JSCGEORGIA SE|GG|GE
XGTG|XGTG|BOLSA DE VALORES NACIONAL SA|GUATEMALA|GL|GUATEMALA|GL|GT
XGUA|XGUA|BOLSA DE VALORES DE GUAYAQUIL|GUAYAQUIL|EG|GUAYAQUIL|ED|EC
XHAM|XHAM|HANSEATISCHE WERTPAPIERBOERSE HAMBURG|HAMBURG|GH|HAMBURG|GR|DE
|||NONE|LA|LSXEXCHANGE|GR|DE
XHAN|XHAN|NIEDERSAECHSISCHE BOERSE ZU HANNOVER|HANNOVER|GI|HANNOVER|GR|DE
XHEL|XHEL|NASDAQ HELSINKI LTD|NOMX HELSINKI|FH|HELSINKI|FH|FI
XHKG|XHKG|HONG KONG EXCHANGES AND CLEARING LTD|HONG KONG|HK|HONG KONG|HK|HK
XHNX|HSTC|HANOI STOCK EXCHANGE (UNLISTED PUBLIC COMPANY TRADING PLATFORM)|NONE|VU|HANOI UPCOM|VN|VN
XICE|XICE|NASDAQ ICELAND HF.|NOMX ICELAND|IR|REYKJAVIK|IR|IS
XICX|XICX|INSTINET CANADA CROSS|NONE|TW|INSTINET CAN|CN|CA
XIDX|XIDX|INDONESIA STOCK EXCHANGE|INDONESIA EXCH|IJ|INDONESIA|IJ|ID
XIQS|XIQS|IRAQ STOCK EXCHANGE|NONE|IQ|IRAQ SE|IQ|IQ
XISE|XISX|INTERNATIONAL SECURITIES EXCHANGE LLC - EQUITIES|NONE|UL|ISE|US|US
XIST|XIST|BORSA ISTANBUL|BORSA ISTANBUL|TI|ISTANBUL|TI|TR
|||NONE|TF|ISTN 1ST SES|TI|TR
|||NONE|TS|ISTN 2ND SES|TI|TR
|||NONE|T0|TURKDEX|TI|TR
XJAM|XJAM|JAMAICA STOCK EXCHANGE|JAMAICA|JA|KINGSTON|JA|JM
XJAS|XJPX|TOKYO STOCK EXCHANGE JASDAQ|JASDAQ|JQ|Jasdaq|JP|JP
XJSE|XJSE|JSE SECURITIES EXCHANGE|JOHANNESBURG|SJ|JOHANNESBURG|SJ|ZA
XKAR|XKAR|THE PAKISTAN STOCK EXCHANGE LIMITED|PAKISTAN|PK|PAKISTAN|PA|PK
XKAZ|XKAZ|KAZAKHSTAN STOCK EXCHANGE|KAZAKHSTAN|KZ|KAZKHSTNSTEX|KZ|KZ
XKFB|XKFB|KOREA FREEBOARD MARKET|Korea Freeboard|KF|KOREAFRBMKT|KF|KR
XKHA|XKHA|KHARTOUM STOCK EXCHANGE|KHARTOUM|NONE|No Exchange |No Composite Code|SD
XKIS|XKIS|KIEV INTERNATIONAL STOCK EXCHANGE|KIEV|NONE|No Exchange |No Composite Code|UA
XKLS|XKLS|BURSA MALAYSIA|BURSA MALAYSIA|MK|BURSA MALAYS|MK|MY
XKON|XKRX|KOREA NEW EXCHANGE|KONEX|KE|KONEX|KS|KR
XKRX|XKRX|KOREA EXCHANGE (STOCK MARKET)|KOREA|KP|KOREA SE|KS|KR
XKOS|XKRX|KOREA EXCHANGE (KOSDAQ)|KOSDAQ|KQ|KOSDAQ|KS|KR
XKSE|XKSE|KYRGYZ STOCK EXCHANGE|KYRGZSTAN|KB|KYRGYZSTAN|KB|KG
XKUW|XKUW|KUWAIT STOCK EXCHANGE|KUWAIT|KK|KUWAIT|KK|KW
XLAO|XLAO|Laos SE|NONE|LS|LAOS SE|LS|LA
XLFX|XLFX|LABUAN INTERNATIONAL FINANCIAL EXCHANGE|LABUAN INTL FIN|NONE|No Exchange |No Composite Code|MY
XLIM|XLIM|BOLSA DE VALORES DE LIMA|LIMA|PE|LIMA|PE|PE
XLIS|XLIS|OPERADOR DE MERCADO IBERICO DE ENERGIA - PORTUGAL|EURONEXT - LISBON|PL|EN LISBON|PL|PT
|||LISBON|NONE|No Exchange |No Composite Code|PT
XLIT|XLIT|AB NASDAQ VILNIUS|NOMX VILNIUS|LH|VILNIUS SE|LH|LT
XLJU|XLJU|LJUBLJANA STOCK EXCHANGE (OFFICIAL MARKET)|LJUBLJANA|SV|LJUBLJANA|SV|SI
|||NONE|XJ|LJUB SE OTC|EO|SI
XLON|XLON|LONDON STOCK EXCHANGE|LONDON|LN|LONDON|LN|GB
|||LONDON INTL|LI|LONDON INTL|LI|GB
|||PRO SEC MKT (PSM)|NONE|No Exchange |No Composite Code|GB
|||NONE|EU|EURO COMP|EU|GB
|||NONE|E1|EURO OTC|EO|GB
|||NONE|XL|LNDON SE OTC|EO|GB
|||LSE-Retail|NONE|No Exchange |No Composite Code|GB
|||NONE|LO|LSE EUROPEQS|LI|GB
XLSM|XLSM|LIBYAN STOCK MARKET|NONE|LY|LIBYANSTEXC|LY|LY
XLUS|XLUS|LUSAKA STOCK EXCHANGE|LUSAKA|ZL|LUSAKA|ZL|ZM
XLUX|XLUX|LUXEMBOURG STOCK EXCHANGE|LUXEMBOURG|LX|LUXEMBOURG|LX|LU
XMAB|XMAB|MERCADO ABIERTO ELECTRONICO S.A.|MAE|NONE|No Exchange |No Composite Code|AR
XMAD|BMEX|BOLSA DE MADRID|MADRID|SN|BME OUTCRY|SM|ES
|||SIBE|SQ|SOC.BOL SIBE|SM|ES
XMAE|XMAE|MACEDONIAN STOCK EXCHANGE|MACEDONIA|MS|MACEDONIA|MS|MK
XMAL|XMAL|MALTA STOCK EXCHANGE|MALTA|MV|VALETTA|MV|MT
XMAN|XMAN|BOLSA DE VALORES DE NICARAGUA|MANAGUA|NC|NICARAGUA|NC|NI
XBVM|XBVM|MOZAMBIQUE STOCK EXCHANGE|MOZAMBIQUE|MZ|MOZAMBIQUESTEX|MZ|MZ
XMAU|XMAU|STOCK EXCHANGE OF MAURITIUS LTD|MAURITIUS|MP|SEM|MP|MU
XMDS|XMDS|MADRAS STOCK EXCHANGE|MADRAS|NONE|No Exchange |No Composite Code|IN
XMEV|XBUE|MERCADO DE VALORES DE BUENOS AIRES S.A.|MERVAL|NONE|No Exchange |No Composite Code|AR
XMEX|XMEX|BOLSA MEXICANA DE VALORES (MEXICAN STOCK EXCHANGE)|MEXICO|MF|BMV MEXICO|MM|MX
XMNT|XMNT|BOLSA DE VALORES DE MONTEVIDEO|MONTEVIDEO|UY|MONTEVIDEO|UY|UY
XMNX|XMNX|MONTENEGRO STOCK EXCHANGE|MONTENEGRO|ME|MONTENEGRO|ME|ME
XMOL|XMOL|MOLDOVA STOCK EXCHANGE|MOLDOVA|MB|MOLDOVA|MB|MD
XMOS|XMOS|MOSCOW STOCK EXCHANGE|MOSCOW|NONE|No Exchange |No Composite Code|RU
XMOT|XMIL|EXTRAMOT|EXTRA MOT|NONE|No Exchange |No Composite Code|IT
|||EXTRA MOT Pro|NONE|No Exchange |No Composite Code|IT
XMSW|XMSW|MALAWI STOCK EXCHANGE|MALAWI|MW|MALAWI SE|MW|MW
XMUN|XMUN|BOERSE MUENCHEN|MUNICH|GM|MUNICH|GR|DE
XMUS|XMUS|MUSCAT SECURITIES MARKET|MUSCAT SECS MKT|OM|MUSCAT|OM|OM
XNAI|XNAI|NAIROBI STOCK EXCHANGE|NAIROBI|KN|NAIROBI SE|KN|KE
XNAM|XNAM|NAMIBIAN STOCK EXCHANGE|NAMIBIA|NW|WINDHOEK|NW|NA
XNAS|XNAS|NASDAQ|NASDAQ|NONE|No Exchange |No Composite Code|US
XNCM|XNAS|NASDAQ CAPITAL MARKET|NASDAQ/NCM|UR|NASDAQ CM|US|US
XNDX|XNGM|NORDIC DERIVATIVES EXCHANGE|NDX|NONE|No Exchange |No Composite Code|SE
XNEC|XNEC|NATIONAL STOCK EXCHANGE OF AUSTRALIA LIMITED|NSE Australia|AO|NSX|AU|AU
XNEP|XNEP|NEPAL STOCK EXCHANGE|NEPAL|NK|NEPAL STOCK|NK|NP
XNGM|XNGM|NORDIC GROWTH MARKET|NGM|NG|NORDIC GM|SS|SE
|||NONE|XG|NGM OTC|EO|SE
XNGO|XNGO|NAGOYA STOCK EXCHANGE|NAGOYA|JN|NAGOYA|JP|JP
XNGS|XNAS|NASDAQ/NGS (GLOBAL SELECT MARKET)|NASDAQ/NGS|UW|NASDAQ GS|US|US
XNMS|XNAS|NASDAQ/NMS (GLOBAL MARKET)|NASDAQ/NGM|UQ|NASDAQ GM|US|US
XNSA|XNSA|THE NIGERIAN STOCK EXCHANGE|NIGERIA|NL|NIGERIAN EXCH|NL|NG
XNSE|XNSE|NATIONAL STOCK EXCHANGE OF INDIA|NSE INDIA|IS|NATL INDIA|IN|IN
XNYS|XNYS|NEW YORK STOCK EXCHANGE INC|NEW YORK|UN|NEW YORK|US|US
XNZE|XNZE|NEW ZEALAND EXCHANGE LTD|NEW ZEALAND|NZ|NZX|NZ|NZ
XOAM|XOSL|NORDIC ALTERNATIVE BOND MARKET|ABM OSLO|NONE|No Exchange |No Composite Code|NO
XOSE|XJPX|OSAKA EXCHANGE|OSAKA|JO|OSAKA|JP|JP
|||OSAKA 2|NONE|No Exchange |No Composite Code|JP
XOSL|XOSL|OSLO BORS|NORDIC ABM|NO|OSLO|NO|NO
|||NONE|XN|OSLO OTC|EO|NO
XOPV|XSTO|OTC PUBLICATION VENUE|NONE|XO|OMX OTC|EO|SE
XPAE|XPAE|PALESTINE SECURITIES EXCHANGE|PALESTINE|PS|PALESTINE|PS|PS
XPAR|XPAR|NYSE EURONEXT - EURONEXT PARIS|EURONEXT-PARIS|FP|PARIS|FP|FR
XPSX|XNAS|NASDAQ OMX PSX|NONE|UX|NSDQ OMX PSX|US|US
XPHS|XPHS|PHILIPPINE STOCK EXCHANGE, INC.|PHILIPPINES|PM|PHILIPPINES|PM|PH
XPIC|XPIC|SAINT-PETERSBURG CURRENCY EXCHANGE|SPCEX|NONE|No Exchange |No Composite Code|RU
AQSE|AQSE|AQUIS STOCK EXCHANGE|AQUIS|PZ|NEX Exchange|PZ|GB
XPOM|XPOM|PNGX MARKETS LIMITED|PNGX MARKETS|PB|PNGX MARKETS|PB|PG
XPOR|XNAS|PORTAL|PORTAL|NONE|No Exchange |No Composite Code|US
XPOS|ITGL|POSIT DARK|NONE|PO|ITG POSIT|PO|IE
XPRA|XPRA|PRAGUE STOCK EXCHANGE|PRAGUE|CK|PRAGUE SE|CP|CZ
|||NONE|CD|PRAGUE-SPAD|CP|CZ
|||NONE|KL|PRAGUE-BLOCK|CP|CZ
XPTY|XPTY|LATIN AMERICAN STOCK EXCHANGE INC.|PANAMA|PP|LATINEX|PP|PA
XQMH|XSWX|SIX SWISS EXCHANGE - STRUCTURED PRODUCTS|SIX SWISS (SP)|SX|SIX SWISS (SP)|SW|CH
XQTX|XDUS|BOERSE DUESSELDORF - QUOTRIX|QUOTRIX|QT|Quotrix Exch|QT|DE
XQUI|XQUI|BOLSA DE VALORES DE QUITO|QUITO|EQ|QUITO|ED|EC
XRAS|XBSE|RASDAQ|RASDAQ|RQ|RASDAQ|RO|RO
XRBM|XRBM|RINGGIT BOND MARKET|BIDS|NONE|No Exchange |No Composite Code|MY
XRIS|XRIS|NASDAQ RIGA AS|NOMX RIGA|LG|RIGA|LR|LV
XRMZ|XRMZ|RM-SYSTEM CZECH STOCK EXCHANGE|NONE|RC|CZECH OTC|CP|CZ
XROS|XROS|BOLSA DE COMERCIO ROSARIO|ROFEX|NONE|No Exchange |No Composite Code|AR
XSAM|XSAM|SAMARA CURRENCY INTERBANK EXCHANGE|SCIEX|NONE|No Exchange |No Composite Code|RU
XSAP|XSAP|SAPPORO SECURITIES EXCHANGE|SAPPORO|JS|SAPPORO|JP|JP
XSAT|XSAT|SPOTLIGHT STOCK MARKET AB|NONE|KA|SPOTLIGHT|SS|SE
XSAU|XSAU|SAUDI STOCK EXCHANGE|SAUDI ARABIA|AB|SAUDI ARABIA|AB|SA
XSBI|SBIJ|JAPANNEXT-X-MARKET|NONE|JU|JAPANNEXTXMK|JP|JP
XSDX|XSWX|SIX DIGITAL EXCHANGE|SIX DIGIT|NONE|No Exchange |No Composite Code|CH
XSEC|XSHE|SHENZHEN STOCK EXCHANGE - SHENZHEN - HONG KONG STOCK CONNECT|NONE|C2|Nrth SZ-SEHK|C2|CN
XSES|XSES|SINGAPORE EXCHANGE|SINGAPORE|SP|SINGAPORE|SP|SG
|||SINGAPORE  MAINBOARD|NONE|No Exchange |No Composite Code|SG
|||SGX-ST|NONE|No Exchange |No Composite Code|SG
XSGO|XSGO|SANTIAGO STOCK EXCHANGE|SANTIAGO|CC|SANT. COMERC|CI|CL
XSHE|XSHE|SHENZHEN STOCK EXCHANGE|SHENZHEN|CS|SHENZHEN|CH|CN
XSHG|XSHG|SHANGHAI STOCK EXCHANGE|SHANGHAI|CG|SHANGHAI|CH|CN
XSIB|XSIB|SIBERIAN EXCHANGE|SIBERIA|NONE|No Exchange |No Composite Code|RU
XSPS|XSPS|SOUTH PACIFIC STOCK EXCHANGE|SOUTH PACIFIC|FS|SPSE|FS|FJ
XSSC|XSHG|SHANGHAI STOCK EXCHANGE - SHANGHAI - HONG KONG STOCK CONNECT|NONE|C1|Nth SSE-SEHK|C1|CN
XSSE|XSSE|SARAJEVO STOCK EXCHANGE|SARAJEVO|BT|SARAJEVO|BT|BA
XSTC|XSTC|HOCHIMINH STOCK EXCHANGE|HCM CITY EXCH|VM|HO CHI MINH|VN|VN
XSTE|XSTE|REPUBLICAN STOCK EXCHANGE|TASHKENT|ZU|UZBEKISTAN|ZU|UZ
XSTO|XSTO|NASDAQ STOCKHOLM AB|NONE|SS|STOCKHOLM|SS|SE
XSTU|XSTU|BOERSE STUTTGART|STUTTGART|GS|STUTTGART|GR|DE
|||NONE|XS|STUTTGRT OTC|EO|DE
XSVA|XSVA|EL SALVADOR STOCK EXCHANGE|EL SALVADOR|EL|EL SALVADOR|EL|SV
XSWA|XSWA|ESWATINI STOCK EXCHANGE|ESWATINI|SD|ESWATINI|SD|SZ
XSWX|XSWX|SIX SWISS EXCHANGE|SIX|SE|SIX SWISS EX|SW|CH
XTAE|XTAE|TEL AVIV STOCK EXCHANGE|TEL AVIV|IT|TEL AVIV|IT|IL
XTAI|XTAI|TAIWAN STOCK EXCHANGE|TAIWAN|TT|TAIWAN|TT|TW
XTAL|XTAL|NASDAQ TALLINN AS|NOMX TALLINN|ET|TALLINN|ET|EE
XTAM|XJPX|TOKYO STOCK EXCHANGE-TOKYO PRO MARKET|NONE|JG|TOKYO AIM|JP|JP
XTEH|XTEH|TEHRAN STOCK EXCHANGE|TEHERAN|IE|TEHRAN|IE|IR
XTIR|XTIR|TIRANA STOCK EXCHANGE|TIRANA|AL|ALBANIA|AL|AL
XTKS|XJPX|TOKYO STOCK EXCHANGE|TOKYO|JT|TOKYO  |JP|JP
|||TOKYO 2|NONE|No Exchange |No Composite Code|JP
XTRN|XTRN|TRINIDAD AND TOBAGO STOCK EXCHANGE|PORT OF SPAIN|TP|PORT SPAIN|TP|TT
XTSE|XTSE|TORONTO STOCK EXCHANGE|TORONTO|CT|TORONTO|CN|CA
XTSX|XTSX|TSX VENTURE EXCHANGE|TSX VENTURE|CV|VENTURE|CN|CA
XTUN|XTUN|TUNIS STOCK EXCHANGE (BOURSE DE TUNIS)|TUNIS|TU|TUNIS|TU|TN
UKEX|UKEX|RTS Ukraine|UKRAINIAN EXCH|UK|RTS UKRAINE|UZ|UA
XUGA|XUGA|UGANDA SECURITIES EXCHANGE|UGANDA|UG|UGANDA|UG|UG
XULA|XULA|MONGOLIAN STOCK EXCHANGE|MONGOLIA|MO|MONGOLIA|MO|MN
XVAL|BMEX|BOLSA DE VALENCIA|VALENCIA|SA|VALENCIA|SM|ES
XVPA|XVPA|BOLSA DE VALORES Y PRODUCTOS DE ASUNCION SA|ASUNCION|PN|ASUNCION|PN|PY
XWAR|XWAR|WARSAW STOCK EXCHANGE/EQUITIES/MAIN MARKET|WARSAW|PW|WARSAW|PW|PL
XWBO|XWBO|WIENER BOERSE AG|VIENNA|AV|VIENNA|AV|AT
|||NONE|XA|CEESEG OTC|EO|AT
XZAG|XZAG|ZAGREB STOCK EXCHANGE|ZAGREB|ZA|ZAGREB|CZ|HR
XZIM|XZIM|ZIMBABWE STOCK EXCHANGE|ZIMBABWE|ZH|HARARE|ZH|ZW
YLDX|XJSE|JSE INTEREST RATE DERIVATIVES MARKET|JSE Cent Ord Bk|NONE|No Exchange |No Composite Code|ZA
YYYY|N/A|INTERNAL BLOOMBERG CODE|ALL GERMAN SE|NONE|No Exchange |No Composite Code|DE
